var1,var2,var3,var4
0.08695652173913043,0.17391304347826086,0.30434782608695654,0.43478260869565216
