var1,var2,var3,var4
0.14285714285714285,0.19047619047619047,0.2857142857142857,0.38095238095238093
