var1,var2,var3,var4
0.09523809523809523,0.19047619047619047,0.3333333333333333,0.38095238095238093
