var1,var2,var3,var4
0.10526315789473684,0.21052631578947367,0.2631578947368421,0.42105263157894735
