var1,var2,var3,var4
0.09523809523809523,0.14285714285714285,0.2857142857142857,0.47619047619047616
