var1,var2,var3,var4
0.14285714285714285,0.23809523809523808,0.2857142857142857,0.3333333333333333
