var1,var2,var3,var4
0.17391304347826086,0.21739130434782608,0.2608695652173913,0.34782608695652173
