var1,var2,var3,var4
0.05263157894736842,0.21052631578947367,0.3157894736842105,0.42105263157894735
